-- phpMyAdmin SQL Dump
-- version 4.9.1
-- https://www.phpmyadmin.net/
--
-- Хост: localhost
-- Время создания: Ноя 26 2019 г., 04:47
-- Версия сервера: 10.2.27-MariaDB-cll-lve
-- Версия PHP: 5.6.40

SET SQL_MODE = "NO_AUTO_VALUE_ON_ZERO";
SET AUTOCOMMIT = 0;
START TRANSACTION;
SET time_zone = "+00:00";


/*!40101 SET @OLD_CHARACTER_SET_CLIENT=@@CHARACTER_SET_CLIENT */;
/*!40101 SET @OLD_CHARACTER_SET_RESULTS=@@CHARACTER_SET_RESULTS */;
/*!40101 SET @OLD_COLLATION_CONNECTION=@@COLLATION_CONNECTION */;
/*!40101 SET NAMES utf8mb4 */;

--
-- База данных: `after_aftaa`
--

-- --------------------------------------------------------

--
-- Структура таблицы `bank_card`
--

CREATE TABLE `bank_card` (
  `id` tinyint(4) NOT NULL COMMENT '№',
  `bank_name` varchar(50) NOT NULL COMMENT 'Банк',
  `card_no` varchar(16) NOT NULL COMMENT 'Номер карты',
  `sort` tinyint(3) UNSIGNED NOT NULL COMMENT 'Сортировка'
) ENGINE=InnoDB DEFAULT CHARSET=utf8mb4;

--
-- Дамп данных таблицы `bank_card`
--

INSERT INTO `bank_card` (`id`, `bank_name`, `card_no`, `sort`) VALUES
(1, 'Сбербанк', '4276400071825930', 1),
(2, 'Райффайзенбанк', '4476246136397243', 2),
(3, 'Совкомбанк', '5399623060567598', 3);

-- --------------------------------------------------------

--
-- Структура таблицы `link`
--

CREATE TABLE `link` (
  `id` int(10) UNSIGNED NOT NULL,
  `link_block_id` int(10) UNSIGNED DEFAULT NULL,
  `name` varchar(50) NOT NULL,
  `href` varchar(150) NOT NULL,
  `private` tinyint(3) UNSIGNED NOT NULL DEFAULT 0,
  `icon` varchar(100) NOT NULL
) ENGINE=InnoDB DEFAULT CHARSET=utf8;

--
-- Дамп данных таблицы `link`
--

INSERT INTO `link` (`id`, block_id, `name`, `href`, `private`, `icon`) VALUES
(1, 1, '108674608', 'https://web.icq.com/', 0, '/favicons/108674608.ico'),
(2, 2, 'paypal', 'https://www.paypal.com/ru/signin', 0, '/favicons/paypal.ico'),
(3, 2, 'pkb', 'https://my.collector.ru/signin', 0, '/favicons/pkb.png'),
(4, 2, 'qiwi', 'https://qiwi.com/replenish', 0, '/favicons/qiwi.ico'),
(5, 2, 'raiffaisen', 'https://online.raiffeisen.ru/#/login/main', 0, '/favicons/raiffaisen.png'),
(6, 2, 'sberbank', 'https://online.sberbank.ru/CSAFront/index.do', 0, '/favicons/sberbank.ico'),
(7, 2, 'vsesrazu', 'https://vsesrazu-raiffeisen.ru/#/sign-in', 0, '/favicons/vsesrazu.ico'),
(8, 2, 'webmoney', 'https://login.wmtransfer.com/GateKeeper/Password/2d64c8ae-25ab-4daa-a1ef-c3532aa9fef7.aspx', 0, '/favicons/webmoney.ico'),
(9, 3, 'beeline', 'https://moskva.beeline.ru/login/', 0, '/favicons/beeline.ico'),
(10, 3, 'emias', 'https://emias.info/appointment/create', 0, '/favicons/emias.png'),
(11, 3, 'fornex', 'https://fornex.com/my/hosting/', 0, '/favicons/fornex.ico'),
(12, 3, 'gosuslugi', 'https://www.gosuslugi.ru/', 0, '/favicons/gosuslugi.ico'),
(13, 3, 'mgts', 'https://login.mgts.ru/amserver/UI/Login', 0, '/favicons/mgts.ico'),
(14, 3, 'microweb', 'https://microweb.info:2222/', 0, '/favicons/microweb.png'),
(15, 3, 'mos.ru', 'https://www.mos.ru/services/catalog/popular/', 0, '/favicons/mos.ru.ico'),
(16, 3, 'mosenergo', 'https://lkkbyt.mosenergosbyt.ru/common/login.xhtml', 0, '/favicons/mosenergo.ico'),
(17, 3, 'nic.ru', 'https://www.nic.ru/manager/my_domains.cgi?step=srv.my_domains', 0, '/favicons/nic.ru.ico'),
(18, 3, 'pochta.ru', 'https://www.pochta.ru/tracking', 0, '/favicons/pochta.ru.ico'),
(19, 3, 'zakaznoe', 'https://zakaznoe.pochta.ru/inbox/personal', 0, '/favicons/zakaznoe.ico'),
(20, 4, '5ka', 'https://my.5ka.ru/login', 0, '/favicons/5ka.ico'),
(21, 4, 'petelinka', 'https://promo.petelinka.ru/', 0, '/favicons/petelinka.png'),
(22, 4, 'sportmaster', 'https://www.sportmaster.ru/user/session/login.do', 0, '/favicons/sportmaster.ico'),
(23, 4, 'victoria', 'https://lk.victoria-group.ru/', 0, '/favicons/victoria.png'),
(24, 4, 'zdorov.ru', 'https://zdorov.ru/', 0, '/favicons/zdorov.ru.png'),
(25, 5, 'mixcloud', 'https://www.mixcloud.com/maxaftaa/uploads', 0, '/favicons/mixcloud.ico'),
(26, 5, 'soundcloud', 'https://soundcloud.com/aftaa/tracks', 0, '/favicons/soundcloud.ico'),
(31, 6, 'vseti', 'https://docs.google.com/spreadsheets/d/1R_WhD-No9K4Z8b4PN71RJ8KJoauNiSFwAN0Ts52D8oo/edit?ouid=106653452409643666048&usp=sheets_home&ths=true', 0, '/favicons/vseti.ico'),
(33, 7, 'calendar', 'https://calendar.google.com/calendar/r', 0, '/favicons/calendar.ico'),
(34, 7, 'calendar import', 'https://calendar.google.com/calendar/r/settings/export', 0, '/favicons/calendar_import.ico'),
(35, 7, 'contacts', 'https://contacts.google.com/', 0, '/favicons/contacts.png'),
(36, 7, 'docs', 'https://docs.google.com/document/u/0/', 0, '/favicons/docs.ico'),
(37, 7, 'drive', 'https://drive.google.com/drive/', 0, '/favicons/drive.ico'),
(38, 7, 'find', 'https://www.google.com/android/find', 0, '/favicons/find.png'),
(39, 7, 'gmail', 'https://mail.google.com/mail/u/0/', 0, '/favicons/gmail.ico'),
(40, 7, 'keep', 'https://keep.google.com/', 0, '/favicons/keep.ico'),
(41, 7, 'maps', 'https://www.google.com/maps', 0, '/favicons/maps.jpg'),
(42, 7, 'spreadsheets', 'https://docs.google.com/spreadsheets/u/0/', 0, '/favicons/spreadsheets.ico'),
(43, 8, 'disk', 'https://disk.yandex.ru/client/disk', 0, '/favicons/disk.ico'),
(44, 8, 'internet', 'https://yandex.ru/internet/', 0, '/favicons/internet.ico'),
(45, 8, 'mail', 'https://mail.yandex.ru/#inbox', 0, '/favicons/mail.ico'),
(46, 8, 'maps', 'https://yandex.ru/maps/213/moscow/?ll=37.654226%2C55.730662&z=13.3', 0, '/favicons/maps.png'),
(47, 8, 'metrika', 'https://metrika.yandex.ru/list?', 0, '/favicons/metrika.ico'),
(48, 8, 'money', 'https://money.yandex.ru/actions?_openstat=template%3Bimenu%3Blogo', 0, '/favicons/money.ico'),
(49, 8, 'pogoda', 'https://yandex.ru/pogoda/moscow?lat=55.633213&lon=37.659318', 0, '/favicons/pogoda.ico'),
(50, 8, 'translate', 'https://translate.yandex.ru/', 0, '/favicons/translate.ico'),
(51, 8, 'tv', 'https://tv.yandex.ru/', 0, '/favicons/tv.ico'),
(52, 9, 'mail.ru', 'https://e.mail.ru/inbox/', 0, '/favicons/mail.ru.ico'),
(53, 9, 'messenger', 'https://www.facebook.com/messages/', 0, '/favicons/messenger.ico'),
(54, 9, 'whatsapp', 'https://web.whatsapp.com/', 0, '/favicons/whatsapp.ico'),
(55, 10, 'asus', 'http://asus.aftaa.ru/', 0, '/favicons/asus.ico'),
(56, 10, 'zte', 'http://128.0.142.30/', 0, '/favicons/zte.png'),
(57, 11, 'aftaa.ru', 'skype:aftaa.ru', 0, '/favicons/aftaa.ru.ico'),
(58, 11, '<small>gabidullin@gmail.com</small>', 'skype:gabidullin@gmail.com', 0, '/favicons/gabidullin@gmail.com.ico'),
(59, 11, '<b>maxim.gabidullin</b>', 'skype:maxim.gabidullin', 0, '/favicons/maxim.gabidullin.ico'),
(60, 12, 'facebook', 'https://www.facebook.com/maxaftaa?ref=bookmarks', 0, '/favicons/facebook.ico'),
(61, 12, 'foursquare', 'https://ru.foursquare.com/user/20504475', 0, '/favicons/foursquare.ico'),
(62, 12, 'lepra', 'https://leprosorium.ru/users/after', 0, '/favicons/lepra.ico'),
(63, 12, 'lj', 'https://aftaa.livejournal.com/', 0, '/favicons/lj.ico'),
(64, 12, 'ok', 'https://ok.ru/profile/560287849372', 0, '/favicons/ok.ico'),
(65, 12, 'swarm', 'https://www.swarmapp.com/activity', 0, '/favicons/swarm.ico'),
(66, 12, 'vk', 'https://vk.com/aftaa', 0, '/favicons/vk.ico'),
(67, 13, 'maximafter', 'https://t.me/maximafter', 0, '/favicons/maximafter.ico'),
(68, 13, 'maximgabidullin', 'https://t.me/maximgabidullin', 0, '/favicons/maximgabidullin.ico'),
(69, 14, 'instagram', 'https://www.instagram.com/aftaa/', 0, '/favicons/instagram.ico'),
(70, 14, 'kinopoisk', 'https://mykp.ru/after', 0, '/favicons/kinopoisk.ico'),
(71, 14, 'swarm', 'https://www.swarmapp.com/history', 0, '/favicons/swarm.ico'),
(72, 14, 'twitter', 'https://twitter.com/aftaa', 1, '/favicons/twitter.ico'),
(73, 6, 'mom\'s work', 'https://docs.google.com/spreadsheets/d/15siMbGWBKOD5aFdAITRkVorV5HKGKuYTll6n1HRTGN4/edit#gid=385834723', 1, '/favicons/vseti.ico'),
(74, 6, 'omut 2019', 'https://docs.google.com/spreadsheets/d/1jPRvI6XWZDsPH2Abt_bJ2-ZAVK1P1kJKB4pGwQm-eoE/edit#gid=0', 1, '/favicons/vseti.ico'),
(75, 3, 'microweb pMA', 'https://microweb.info/phpmyadmin/', 1, '/vaficons/microweb_pMA.ico\r\n'),
(76, 3, 'hh', 'https://hh.ru/applicant/resumes?from=header_new', 1, '/favicons/hh.png'),
(77, 3, 'stoloto', 'https://www.stoloto.ru/private/tickets', 1, '/favicons/stoloto.png'),
(78, 14, 'github', 'https://github.com/', 1, '/favicons/github.ico'),
(79, 4, 'K&B', 'https://krasnoeibeloe.ru/personal/', 1, 'k&b.ico'),
(80, 4, 'stolichki', 'https://stolichki.ru/personal/orders', 1, '/favicons/stolichki.ico'),
(81, 15, 'kuba.msk.ru', 'http://kuba.msk.ru/', 1, '/favicons/kuba.msk.ru.png'),
(82, 15, 'after.aftaa.ru', 'http://after.aftaa.ru/', 1, '/favicons/after.aftaa.ru.ico'),
(83, 15, 'vseti-goroda.aftaa.ru', 'http://vseti-goroda.aftaa.ru/', 1, 'vseti-goroda.aftaa.ru.ico'),
(84, 15, 'lj.aftaa.ru', 'http://lj.aftaa.ru/', 1, 'lj.aftaa.ru.png'),
(85, 15, 'kuba.moscow', 'http://kuba.moscow/', 1, 'kuba.moscow.png'),
(86, 8, 'connect', 'https://connect.yandex.ru/', 1, 'favicons/connect.yandex.ru.ico');

-- --------------------------------------------------------

--
-- Структура таблицы `link_block`
--

CREATE TABLE `link_block` (
  `id` int(10) UNSIGNED NOT NULL,
  `name` varchar(50) NOT NULL
) ENGINE=InnoDB DEFAULT CHARSET=utf8;

--
-- Дамп данных таблицы `link_block`
--

INSERT INTO `link_block` (`id`, `name`) VALUES
(1, 'ICQ'),
(2, 'finance'),
(3, 'lk'),
(4, 'shopping'),
(5, 'music &amp; mixes'),
(6, 'projects'),
(7, 'google'),
(8, 'yandex'),
(9, 'other'),
(10, 'routers'),
(11, 'Skype'),
(12, 'social networks'),
(13, 'telegram'),
(14, 'where I live'),
(15, 'my');

-- --------------------------------------------------------

--
-- Структура таблицы `link_view`
--

CREATE TABLE `link_view` (
  `id` int(10) UNSIGNED NOT NULL,
  `link_id` int(10) UNSIGNED NOT NULL,
  `date_time` datetime NOT NULL,
  `ip4` int(10) UNSIGNED NOT NULL,
  `is_guest` tinyint(1) NOT NULL DEFAULT 0 COMMENT 'Гость?'
) ENGINE=InnoDB DEFAULT CHARSET=utf8;

--
-- Дамп данных таблицы `link_view`
--

INSERT INTO `link_view` (`id`, `link_id`, `date_time`, `ip4`, `is_guest`) VALUES
(1, 1, '2019-09-08 04:35:22', 2147520030, 0),
(2, 19, '2019-09-08 13:50:24', 2147520030, 0),
(3, 14, '2019-09-08 14:36:04', 2147520030, 0),
(4, 71, '2019-09-08 15:52:42', 2147520030, 0),
(5, 45, '2019-09-08 18:17:25', 2147520030, 0),
(6, 42, '2019-09-08 19:58:31', 2147520030, 0),
(7, 50, '2019-09-08 20:15:53', 2147520030, 0),
(8, 63, '2019-09-09 14:57:48', 1582237447, 0),
(10, 33, '2019-09-09 19:40:54', 2147520030, 0),
(11, 54, '2019-09-09 21:55:55', 2147520030, 0),
(12, 13, '2019-09-09 21:59:01', 2147520030, 0),
(13, 14, '2019-09-09 22:52:31', 2147520030, 0),
(14, 14, '2019-09-09 23:36:48', 2147520030, 0),
(15, 14, '2019-09-10 00:09:47', 2147520030, 0),
(16, 13, '2019-09-10 13:26:58', 2147520030, 0),
(17, 21, '2019-09-10 13:28:08', 2147520030, 0),
(18, 13, '2019-09-10 13:29:42', 2147520030, 0),
(19, 33, '2019-09-10 13:30:00', 2147520030, 0),
(20, 14, '2019-09-10 13:30:38', 2147520030, 0),
(21, 71, '2019-09-10 14:42:05', 2147520030, 0),
(22, 35, '2019-09-10 14:53:05', 2147520030, 0),
(23, 14, '2019-09-10 15:33:30', 2147520030, 0),
(24, 14, '2019-09-10 16:10:08', 2147520030, 0),
(25, 14, '2019-09-10 16:13:20', 2147520030, 0),
(26, 55, '2019-09-10 20:20:14', 2147520030, 0),
(27, 60, '2019-09-11 02:41:16', 2147520030, 0),
(28, 64, '2019-09-11 02:42:35', 2147520030, 0),
(29, 40, '2019-09-11 02:43:43', 2147520030, 0),
(30, 54, '2019-09-11 13:45:36', 2147520030, 0),
(31, 40, '2019-09-11 13:46:24', 2147520030, 0),
(32, 15, '2019-09-11 14:38:29', 2147520030, 0),
(33, 41, '2019-09-11 14:57:44', 2147520030, 0),
(34, 33, '2019-09-11 14:59:32', 2147520030, 0),
(35, 34, '2019-09-11 15:06:47', 2147520030, 0),
(36, 14, '2019-09-11 15:15:41', 2147520030, 0),
(37, 66, '2019-09-11 15:23:33', 2147520030, 0),
(38, 33, '2019-09-11 15:31:21', 2147520030, 0),
(39, 69, '2019-09-11 16:21:32', 2147520030, 0),
(40, 33, '2019-09-11 17:57:53', 2147520030, 0),
(41, 50, '2019-09-11 19:18:18', 2147520030, 0),
(42, 71, '2019-09-11 20:41:56', 2147520030, 0),
(43, 14, '2019-09-11 22:07:08', 2147520030, 0),
(44, 55, '2019-09-11 23:03:11', 2147520030, 0),
(45, 14, '2019-09-12 02:12:55', 2147520030, 0),
(46, 56, '2019-09-12 02:17:59', 2147520030, 0),
(47, 14, '2019-09-12 13:28:28', 2147520030, 0),
(48, 31, '2019-09-12 14:25:02', 2147520030, 0),
(49, 42, '2019-09-12 14:25:07', 2147520030, 0),
(50, 12, '2019-09-12 21:32:09', 2147520030, 0),
(51, 56, '2019-09-13 14:08:48', 2147520030, 0),
(52, 55, '2019-09-13 14:35:58', 2147520030, 0),
(53, 56, '2019-09-13 14:50:14', 2147520030, 0),
(54, 55, '2019-09-13 14:50:49', 2147520030, 0),
(55, 14, '2019-09-13 15:07:18', 2147520030, 0),
(56, 56, '2019-09-13 15:08:14', 2147520030, 0),
(57, 40, '2019-09-13 15:12:30', 2147520030, 0),
(58, 55, '2019-09-13 15:15:14', 2147520030, 0),
(59, 55, '2019-09-13 15:15:30', 2147520030, 0),
(60, 14, '2019-09-13 21:49:34', 2147520030, 0),
(61, 56, '2019-09-13 21:51:01', 2147520030, 0),
(62, 55, '2019-09-13 21:51:56', 2147520030, 0),
(63, 5, '2019-09-14 07:42:15', 2147520030, 0),
(64, 15, '2019-09-14 07:44:08', 2147520030, 0),
(65, 40, '2019-09-14 07:47:41', 2147520030, 0),
(66, 54, '2019-09-14 07:47:49', 2147520030, 0),
(67, 11, '2019-09-14 07:51:24', 2147520030, 0),
(68, 54, '2019-09-14 16:29:38', 2147520030, 0),
(69, 14, '2019-09-14 16:58:02', 2147520030, 0),
(70, 6, '2019-09-14 17:08:19', 2147520030, 0),
(71, 56, '2019-09-14 19:37:56', 2147520030, 0),
(72, 55, '2019-09-14 19:40:14', 2147520030, 0),
(73, 19, '2019-09-14 20:38:37', 2147520030, 0),
(74, 10, '2019-09-14 21:54:22', 2147520030, 0),
(75, 56, '2019-09-14 21:55:16', 2147520030, 0),
(76, 55, '2019-09-14 22:29:57', 2147520030, 0),
(77, 55, '2019-09-14 22:44:02', 2147520030, 0),
(78, 56, '2019-09-14 22:53:05', 2147520030, 0),
(79, 16, '2019-09-14 22:56:47', 2147520030, 0),
(80, 71, '2019-09-15 00:43:55', 2147520030, 0),
(81, 56, '2019-09-15 01:17:01', 2147520030, 0),
(82, 55, '2019-09-15 10:12:53', 2147520030, 0),
(83, 12, '2019-09-15 10:24:23', 2147520030, 0),
(84, 14, '2019-09-15 10:25:25', 2147520030, 0),
(85, 44, '2019-09-15 10:29:31', 3579288340, 0),
(86, 56, '2019-09-15 10:30:57', 3579288340, 0),
(87, 14, '2019-09-15 14:03:22', 2147520030, 0),
(88, 64, '2019-09-15 16:14:47', 2147520030, 0),
(89, 69, '2019-09-15 16:15:16', 2147520030, 0),
(90, 14, '2019-09-15 17:28:36', 2147520030, 0),
(91, 31, '2019-09-15 19:26:37', 2147520030, 0),
(92, 33, '2019-09-15 20:53:33', 2147520030, 0),
(93, 6, '2019-09-16 13:31:49', 2147520030, 0),
(94, 54, '2019-09-16 22:21:15', 2147520030, 0),
(95, 40, '2019-09-16 22:32:44', 2147520030, 0),
(96, 54, '2019-09-16 22:33:01', 2147520030, 0),
(97, 42, '2019-09-16 22:41:29', 2147520030, 0),
(98, 42, '2019-09-16 22:56:24', 2147520030, 0),
(99, 69, '2019-09-16 23:12:20', 2147520030, 0),
(100, 6, '2019-09-16 23:14:14', 2147520030, 0),
(101, 43, '2019-09-16 23:35:22', 2147520030, 0),
(102, 33, '2019-09-16 23:40:23', 2147520030, 0),
(103, 56, '2019-09-16 23:57:01', 2147520030, 0),
(104, 55, '2019-09-16 23:59:08', 2147520030, 0),
(105, 55, '2019-09-17 00:03:54', 2147520030, 0),
(106, 6, '2019-09-17 00:14:11', 2147520030, 0),
(107, 35, '2019-09-17 01:38:31', 2147520030, 0),
(108, 49, '2019-09-17 02:47:19', 2147520030, 0),
(109, 45, '2019-09-17 12:29:52', 2147520030, 0),
(110, 60, '2019-09-17 17:50:01', 2147520030, 0),
(111, 6, '2019-09-17 20:36:38', 2147520030, 0),
(112, 55, '2019-09-17 21:22:11', 2147520030, 0),
(113, 56, '2019-09-17 21:22:15', 2147520030, 0),
(114, 55, '2019-09-17 21:26:23', 2147520030, 0),
(115, 50, '2019-09-17 21:52:15', 2147520030, 0),
(116, 19, '2019-09-18 10:58:16', 2147520030, 0),
(117, 19, '2019-09-18 11:08:27', 2147520030, 0),
(118, 19, '2019-09-18 16:29:39', 2147520030, 0),
(119, 10, '2019-09-18 17:44:37', 2147520030, 0),
(120, 6, '2019-09-18 17:45:10', 2147520030, 0),
(121, 33, '2019-09-18 18:11:24', 2147520030, 0),
(122, 69, '2019-09-18 18:13:59', 2147520030, 0),
(123, 72, '2019-09-18 18:45:13', 2147520030, 0),
(124, 60, '2019-09-18 18:54:18', 2147520030, 0),
(125, 66, '2019-09-18 20:21:25', 2147520030, 0),
(126, 66, '2019-09-18 20:40:28', 2147520030, 0),
(127, 72, '2019-09-18 21:27:06', 2147520030, 0),
(128, 45, '2019-09-18 21:28:03', 2147520030, 0),
(129, 35, '2019-09-18 21:45:39', 2147520030, 0),
(130, 46, '2019-09-18 21:46:49', 2147520030, 0),
(131, 6, '2019-09-18 21:53:19', 2147520030, 0),
(132, 56, '2019-09-18 21:57:03', 2147520030, 0),
(133, 6, '2019-09-18 23:17:08', 2147520030, 0),
(134, 71, '2019-09-19 00:08:44', 2147520030, 0),
(135, 69, '2019-09-19 11:19:59', 2147520030, 0),
(136, 60, '2019-09-19 13:27:25', 2147520030, 0),
(137, 60, '2019-09-19 15:24:07', 2147520030, 0),
(138, 71, '2019-09-19 15:25:06', 2147520030, 0),
(139, 6, '2019-09-19 15:27:50', 2147520030, 0),
(140, 72, '2019-09-19 16:55:24', 2147520030, 0),
(141, 31, '2019-09-19 21:44:54', 2147520030, 0),
(146, 6, '2019-09-19 21:54:12', 2147520030, 0),
(147, 69, '2019-09-19 22:46:52', 2147520030, 0),
(148, 66, '2019-09-19 23:23:53', 2147520030, 0),
(149, 54, '2019-09-20 02:11:26', 2147520030, 0),
(150, 55, '2019-09-20 03:38:53', 2147520030, 0),
(151, 10, '2019-09-20 05:21:17', 2147520030, 0),
(152, 71, '2019-09-20 05:52:17', 2147520030, 0),
(153, 71, '2019-09-20 06:00:58', 2147520030, 0),
(154, 66, '2019-09-20 06:04:31', 2147520030, 0),
(155, 42, '2019-09-20 15:27:27', 2147520030, 0),
(156, 21, '2019-09-20 18:04:17', 2147520030, 0),
(157, 7, '2019-09-20 18:09:19', 2147520030, 0),
(158, 12, '2019-09-20 18:09:52', 2147520030, 0),
(159, 3, '2019-09-20 18:41:13', 2147520030, 0),
(160, 71, '2019-09-20 23:53:34', 2147520030, 0),
(161, 71, '2019-09-21 01:02:09', 2147520030, 0),
(162, 71, '2019-09-21 13:20:13', 2147520030, 0),
(163, 40, '2019-09-21 13:42:39', 2147520030, 0),
(164, 71, '2019-09-21 16:06:30', 2147520030, 0),
(165, 72, '2019-09-21 16:07:00', 2147520030, 0),
(166, 55, '2019-09-21 16:08:26', 2147520030, 0),
(167, 56, '2019-09-21 16:41:20', 2147520030, 0),
(168, 14, '2019-09-21 17:28:41', 2147520030, 0),
(169, 15, '2019-09-21 18:06:33', 2147520030, 0),
(170, 50, '2019-09-21 18:59:26', 2147520030, 0),
(171, 14, '2019-09-21 20:14:18', 2147520030, 0),
(172, 45, '2019-09-21 21:09:34', 2147520030, 0),
(173, 50, '2019-09-22 09:11:28', 2147520030, 0),
(174, 44, '2019-09-22 11:25:50', 3571480080, 0),
(175, 57, '2019-09-22 12:34:35', 1837037880, 0),
(176, 71, '2019-09-22 12:34:43', 1837037880, 0),
(177, 52, '2019-09-22 13:34:40', 2147520030, 0),
(178, 39, '2019-09-22 13:35:41', 2147520030, 0),
(179, 42, '2019-09-22 13:39:23', 2147520030, 0),
(180, 35, '2019-09-22 13:43:38', 2147520030, 0),
(181, 71, '2019-09-22 15:25:11', 2147520030, 0),
(182, 5, '2019-09-22 15:49:43', 2147520030, 0),
(183, 6, '2019-09-22 15:59:59', 2147520030, 0),
(184, 55, '2019-09-22 17:32:41', 2147520030, 0),
(185, 56, '2019-09-22 17:33:02', 2147520030, 0),
(186, 14, '2019-09-22 17:34:57', 2147520030, 0),
(187, 56, '2019-09-22 19:41:10', 2147520030, 0),
(188, 14, '2019-09-22 19:43:22', 2147520030, 0),
(189, 19, '2019-09-22 19:44:24', 2147520030, 0),
(190, 55, '2019-09-22 20:50:02', 2147520030, 0),
(191, 71, '2019-09-22 20:58:41', 2147520030, 0),
(192, 71, '2019-09-22 21:08:12', 2147520030, 0),
(193, 54, '2019-09-22 21:15:36', 2147520030, 0),
(194, 71, '2019-09-23 11:36:11', 2147520030, 0),
(195, 60, '2019-09-23 12:07:57', 2147520030, 0),
(196, 33, '2019-09-23 12:10:55', 2147520030, 0),
(197, 42, '2019-09-23 12:43:40', 2147520030, 0),
(198, 33, '2019-09-23 12:47:54', 2147520030, 0),
(199, 24, '2019-09-23 12:56:37', 2147520030, 0),
(200, 50, '2019-09-23 13:08:37', 2147520030, 0),
(201, 42, '2019-09-23 13:15:32', 2147520030, 0),
(202, 64, '2019-09-23 13:20:32', 2147520030, 0),
(203, 64, '2019-09-23 13:21:35', 2147520030, 0),
(204, 33, '2019-09-23 13:26:27', 2147520030, 0),
(205, 19, '2019-09-23 13:29:15', 2147520030, 0),
(206, 42, '2019-09-23 14:56:21', 2147520030, 0),
(207, 45, '2019-09-23 16:23:36', 2147520030, 0),
(208, 60, '2019-09-23 17:08:46', 2147520030, 0),
(209, 64, '2019-09-23 17:27:03', 2147520030, 0),
(210, 50, '2019-09-23 17:41:44', 2147520030, 0),
(211, 50, '2019-09-23 18:31:34', 2147520030, 0),
(212, 72, '2019-09-23 19:23:34', 2147520030, 0),
(213, 14, '2019-09-24 15:35:15', 2147520030, 0),
(214, 41, '2019-09-24 15:43:41', 2147520030, 0),
(215, 64, '2019-09-24 15:44:27', 2147520030, 0),
(216, 42, '2019-09-24 15:45:54', 2147520030, 0),
(217, 74, '2019-09-24 15:55:54', 2147520030, 0),
(218, 73, '2019-09-24 15:56:04', 2147520030, 0),
(219, 12, '2019-09-24 15:59:38', 2147520030, 0),
(220, 74, '2019-09-24 16:19:15', 2147520030, 0),
(221, 73, '2019-09-24 16:21:08', 2147520030, 0),
(222, 50, '2019-09-24 21:32:27', 2147520030, 0),
(223, 71, '2019-09-24 21:59:52', 2147520030, 0),
(224, 6, '2019-09-25 15:37:30', 2147520030, 0),
(225, 60, '2019-09-25 15:52:39', 2147520030, 0),
(226, 73, '2019-09-25 15:54:53', 2147520030, 0),
(227, 74, '2019-09-25 16:49:56', 2147520030, 0),
(228, 6, '2019-09-25 16:50:54', 2147520030, 0),
(229, 35, '2019-09-25 18:25:38', 2147520030, 0),
(230, 40, '2019-09-26 02:51:49', 2147520030, 0),
(231, 26, '2019-09-26 08:53:25', 1604703714, 0),
(232, 25, '2019-09-26 08:53:29', 1604703714, 0),
(233, 73, '2019-09-26 19:14:22', 2147520030, 0),
(234, 40, '2019-09-26 20:04:49', 2147520030, 0),
(235, 64, '2019-09-26 20:24:10', 2147520030, 0),
(236, 60, '2019-09-26 20:24:27', 2147520030, 0),
(237, 56, '2019-09-26 20:25:44', 2147520030, 0),
(238, 25, '2019-09-27 09:49:43', 635722163, 0),
(239, 54, '2019-09-27 10:35:59', 1604703714, 0),
(240, 40, '2019-09-27 10:36:21', 1604703714, 0),
(241, 42, '2019-09-27 10:57:48', 1604703714, 0),
(242, 6, '2019-09-27 18:49:19', 2147520030, 0),
(243, 73, '2019-09-27 18:49:28', 2147520030, 0),
(244, 6, '2019-09-27 19:16:07', 2147520030, 0),
(245, 51, '2019-09-27 21:10:13', 2147520030, 0),
(246, 66, '2019-09-27 21:12:53', 2147520030, 0),
(247, 14, '2019-09-28 12:21:05', 2147520030, 0),
(248, 56, '2019-09-28 12:21:49', 2147520030, 0),
(249, 54, '2019-09-28 12:48:03', 2147520030, 0),
(250, 12, '2019-09-28 19:07:13', 2147520030, 0),
(251, 19, '2019-09-28 19:07:30', 2147520030, 0),
(252, 40, '2019-09-28 19:48:13', 2147520030, 0),
(253, 35, '2019-09-28 20:02:44', 2147520030, 0),
(254, 42, '2019-09-28 20:18:19', 2147520030, 0),
(255, 33, '2019-09-28 20:22:23', 2147520030, 0),
(256, 50, '2019-09-28 21:37:14', 2147520030, 0),
(257, 6, '2019-09-29 09:15:21', 2147520030, 0),
(258, 74, '2019-09-29 09:15:41', 2147520030, 0),
(259, 5, '2019-09-29 09:26:30', 2147520030, 0),
(260, 14, '2019-09-29 09:28:53', 2147520030, 0),
(261, 33, '2019-09-29 09:38:54', 2147520030, 0),
(262, 52, '2019-09-29 09:48:42', 2147520030, 0),
(263, 55, '2019-09-29 09:58:28', 2147520030, 0),
(264, 14, '2019-09-29 11:40:33', 2147520030, 0),
(265, 31, '2019-09-29 12:53:44', 2147520030, 0),
(266, 56, '2019-09-29 20:10:50', 2147520030, 0),
(267, 12, '2019-09-30 09:34:46', 1604703714, 0),
(268, 45, '2019-09-30 13:39:36', 1604703714, 0),
(269, 50, '2019-09-30 15:52:26', 1604703714, 0),
(270, 12, '2019-09-30 17:21:50', 1604703714, 0),
(271, 12, '2019-09-30 17:35:50', 1604703714, 0),
(272, 12, '2019-09-30 17:37:28', 1604703714, 0),
(273, 15, '2019-09-30 17:37:35', 1604703714, 0),
(274, 16, '2019-09-30 17:37:41', 1604703714, 0),
(275, 13, '2019-09-30 17:38:14', 1604703714, 0),
(276, 40, '2019-09-30 19:44:19', 2147520030, 0),
(277, 13, '2019-09-30 19:45:22', 2147520030, 0),
(278, 42, '2019-09-30 19:45:57', 2147520030, 0),
(279, 54, '2019-09-30 19:50:16', 2147520030, 0),
(280, 16, '2019-09-30 19:51:10', 2147520030, 0),
(281, 15, '2019-09-30 19:55:00', 2147520030, 0),
(282, 74, '2019-09-30 20:00:58', 2147520030, 0),
(283, 6, '2019-09-30 20:01:33', 2147520030, 0),
(284, 35, '2019-09-30 20:27:40', 2147520030, 0),
(285, 53, '2019-09-30 20:28:10', 2147520030, 0),
(286, 5, '2019-09-30 20:46:48', 2147520030, 0),
(287, 56, '2019-09-30 22:20:17', 2147520030, 0),
(288, 55, '2019-09-30 22:23:12', 2147520030, 0),
(289, 16, '2019-10-01 08:18:45', 635722163, 0),
(290, 16, '2019-10-01 08:18:51', 635722163, 0),
(291, 15, '2019-10-01 08:19:14', 635722163, 0),
(292, 16, '2019-10-01 08:19:40', 635722163, 0),
(293, 15, '2019-10-01 08:42:59', 635722163, 0),
(294, 50, '2019-10-01 09:12:02', 635722163, 0),
(295, 16, '2019-10-01 09:58:13', 635722163, 0),
(296, 50, '2019-10-01 14:16:12', 1604703714, 0),
(297, 6, '2019-10-01 16:24:09', 1604703714, 0),
(298, 7, '2019-10-02 14:24:18', 1604703714, 0),
(299, 16, '2019-10-02 14:24:50', 1604703714, 0),
(300, 12, '2019-10-02 14:25:48', 1604703714, 0),
(301, 50, '2019-10-02 14:44:18', 1604703714, 0),
(302, 71, '2019-10-02 14:50:18', 1604703714, 0),
(303, 61, '2019-10-02 15:45:00', 1604703714, 0),
(304, 5, '2019-10-02 21:17:10', 2147520030, 0),
(305, 16, '2019-10-02 21:17:27', 2147520030, 0),
(306, 42, '2019-10-02 21:18:56', 2147520030, 0),
(307, 33, '2019-10-02 21:47:53', 2147520030, 0),
(308, 6, '2019-10-02 22:30:57', 2147520030, 0),
(309, 24, '2019-10-02 22:32:43', 2147520030, 0),
(310, 40, '2019-10-02 22:46:03', 2147520030, 0),
(311, 40, '2019-10-02 23:11:16', 2147520030, 0),
(312, 6, '2019-10-02 23:20:04', 2147520030, 0),
(313, 50, '2019-10-03 08:12:08', 1604703714, 0),
(314, 40, '2019-10-03 08:15:45', 1604703714, 0),
(315, 11, '2019-10-03 08:17:14', 1604703714, 0),
(316, 71, '2019-10-03 09:31:51', 1604703714, 0),
(317, 54, '2019-10-03 15:48:11', 1604703714, 0),
(318, 60, '2019-10-03 16:29:13', 1604703714, 0),
(319, 33, '2019-10-03 16:31:10', 1604703714, 0),
(320, 50, '2019-10-03 21:54:22', 2147520030, 0),
(321, 26, '2019-10-04 00:44:26', 2147520030, 0),
(322, 66, '2019-10-04 00:46:57', 2147520030, 0),
(323, 40, '2019-10-04 00:53:45', 2147520030, 0),
(324, 66, '2019-10-04 01:00:19', 2147520030, 0),
(325, 26, '2019-10-04 01:40:45', 2147520030, 0),
(326, 66, '2019-10-04 01:43:11', 2147520030, 0),
(327, 49, '2019-10-04 09:35:02', 1604703714, 0),
(328, 7, '2019-10-04 09:36:10', 1604703714, 0),
(329, 33, '2019-10-04 09:40:25', 1604703714, 0),
(330, 69, '2019-10-04 09:43:02', 1604703714, 0),
(331, 12, '2019-10-04 09:45:30', 1604703714, 0),
(332, 60, '2019-10-04 09:47:56', 1604703714, 0),
(333, 66, '2019-10-04 09:48:16', 1604703714, 0),
(334, 12, '2019-10-04 09:48:42', 1604703714, 0),
(335, 19, '2019-10-04 09:48:52', 1604703714, 0),
(336, 11, '2019-10-04 09:55:14', 1604703714, 0),
(337, 22, '2019-10-04 09:56:58', 1604703714, 0),
(338, 74, '2019-10-04 10:15:57', 1604703714, 0),
(339, 6, '2019-10-05 10:08:45', 2147520030, 0),
(340, 40, '2019-10-05 10:12:12', 2147520030, 0),
(341, 15, '2019-10-05 10:41:39', 2147520030, 0),
(342, 20, '2019-10-06 12:02:41', 2147520030, 0),
(343, 35, '2019-10-06 18:46:23', 2147520030, 0),
(344, 25, '2019-10-08 19:32:33', 2147520030, 0),
(345, 26, '2019-10-08 19:35:04', 2147520030, 0),
(346, 26, '2019-10-08 19:49:42', 2147520030, 0),
(347, 54, '2019-10-09 10:52:46', 2147520030, 0),
(348, 40, '2019-10-09 10:56:53', 2147520030, 0),
(349, 66, '2019-10-10 00:51:55', 2147520030, 0),
(350, 24, '2019-10-12 16:09:40', 2147520030, 0),
(351, 51, '2019-10-12 18:32:37', 2147520030, 0),
(352, 51, '2019-10-12 18:34:53', 2147520030, 0),
(353, 40, '2019-10-12 21:47:30', 866024664, 0),
(354, 24, '2019-10-12 22:37:42', 866024664, 0),
(355, 71, '2019-10-12 23:26:58', 866024664, 0),
(356, 35, '2019-10-12 23:38:20', 866024664, 0),
(357, 33, '2019-10-12 23:42:36', 866024664, 0),
(358, 13, '2019-10-12 23:43:58', 866024664, 0),
(359, 5, '2019-10-13 01:15:10', 2147520030, 0),
(360, 15, '2019-10-13 05:01:05', 2147520030, 0),
(361, 15, '2019-10-13 05:03:31', 2147520030, 0),
(362, 24, '2019-10-13 05:50:50', 2147520030, 0),
(363, 74, '2019-10-13 06:01:08', 2147520030, 0),
(364, 33, '2019-10-13 07:12:30', 2147520030, 0),
(365, 42, '2019-10-13 07:14:29', 2147520030, 0),
(366, 40, '2019-10-13 16:26:59', 2147520030, 0),
(367, 11, '2019-10-13 23:12:01', 2147520030, 0),
(368, 40, '2019-10-13 23:16:11', 2147520030, 0),
(369, 73, '2019-10-14 01:23:35', 2147520030, 0),
(370, 24, '2019-10-14 01:53:42', 2147520030, 0),
(371, 40, '2019-10-14 01:56:40', 2147520030, 0),
(372, 66, '2019-10-14 12:55:48', 2147520030, 0),
(373, 69, '2019-10-14 14:08:47', 2959865862, 0),
(374, 12, '2019-10-14 23:59:54', 2147520030, 0),
(375, 42, '2019-10-15 00:26:46', 2147520030, 0),
(376, 40, '2019-10-15 01:11:58', 2147520030, 0),
(377, 33, '2019-10-15 01:12:15', 2147520030, 0),
(378, 6, '2019-10-15 01:14:52', 2147520030, 0),
(379, 54, '2019-10-15 01:18:31', 2147520030, 0),
(380, 40, '2019-10-15 01:18:40', 2147520030, 0),
(381, 15, '2019-10-15 01:21:30', 2147520030, 0),
(382, 16, '2019-10-15 01:24:41', 2147520030, 0),
(383, 42, '2019-10-15 01:50:41', 2147520030, 0),
(384, 12, '2019-10-15 02:24:21', 2147520030, 0),
(385, 35, '2019-10-15 02:53:27', 2147520030, 0),
(386, 33, '2019-10-15 02:56:08', 2147520030, 0),
(387, 12, '2019-10-15 03:49:48', 2147520030, 0),
(388, 33, '2019-10-15 03:59:07', 2147520030, 0),
(389, 42, '2019-10-15 04:27:15', 2147520030, 0),
(390, 35, '2019-10-15 04:34:31', 2147520030, 0),
(391, 11, '2019-10-15 15:19:06', 2147520030, 0),
(392, 33, '2019-10-15 15:35:30', 2147520030, 0),
(393, 6, '2019-10-15 15:39:13', 2147520030, 0),
(394, 33, '2019-10-15 16:27:53', 2147520030, 0),
(395, 6, '2019-10-15 18:08:38', 2147520030, 0),
(396, 7, '2019-10-15 18:08:41', 2147520030, 0),
(397, 40, '2019-10-16 13:23:00', 2147520030, 0),
(398, 35, '2019-10-16 13:23:07', 2147520030, 0),
(399, 33, '2019-10-16 13:28:55', 2147520030, 0),
(400, 35, '2019-10-16 13:30:41', 2147520030, 0),
(401, 38, '2019-10-16 13:34:22', 2147520030, 0),
(402, 41, '2019-10-16 13:34:50', 2147520030, 0),
(403, 42, '2019-10-16 14:37:24', 2147520030, 0),
(404, 66, '2019-10-16 19:16:02', 2147520030, 0),
(405, 66, '2019-10-16 19:29:14', 2147520030, 0),
(406, 33, '2019-10-16 19:41:59', 2147520030, 0),
(407, 6, '2019-10-16 22:35:40', 2147520030, 0),
(408, 40, '2019-10-16 23:08:34', 2147520030, 0),
(409, 14, '2019-10-16 23:17:15', 2147520030, 0),
(410, 5, '2019-10-16 23:26:55', 2147520030, 0),
(411, 6, '2019-10-17 13:04:33', 2147520030, 0),
(412, 54, '2019-10-17 13:05:37', 2147520030, 0),
(413, 66, '2019-10-17 13:24:21', 2147520030, 0),
(414, 12, '2019-10-17 14:06:55', 2147520030, 0),
(415, 19, '2019-10-17 14:07:14', 2147520030, 0),
(416, 33, '2019-10-17 14:11:22', 2147520030, 0),
(417, 74, '2019-10-17 15:33:35', 2147520030, 0),
(418, 33, '2019-10-17 15:38:22', 2147520030, 0),
(419, 66, '2019-10-17 15:40:45', 2147520030, 0),
(420, 38, '2019-10-17 19:22:56', 2147520030, 0),
(421, 71, '2019-10-17 20:43:16', 2147520030, 0),
(422, 60, '2019-10-17 20:44:18', 2147520030, 0),
(423, 40, '2019-10-17 23:11:39', 2147520030, 0),
(424, 14, '2019-10-17 23:51:23', 2147520030, 0),
(425, 14, '2019-10-18 00:12:25', 2147520030, 0),
(426, 6, '2019-10-18 02:37:09', 2147520030, 0),
(427, 5, '2019-10-18 03:41:15', 2147520030, 0),
(428, 55, '2019-10-18 21:32:38', 2147520030, 0),
(429, 12, '2019-10-18 21:37:17', 2147520030, 0),
(430, 73, '2019-10-19 11:18:02', 2147520030, 0),
(431, 35, '2019-10-19 17:39:09', 2147520030, 0),
(432, 74, '2019-10-19 21:01:32', 2147520030, 0),
(433, 31, '2019-10-19 21:12:35', 2147520030, 0),
(434, 55, '2019-10-19 22:13:13', 2147520030, 0),
(435, 15, '2019-10-20 13:31:07', 2147520030, 0),
(436, 33, '2019-10-20 14:35:41', 2147520030, 0),
(437, 60, '2019-10-20 22:28:24', 2147520030, 0),
(438, 71, '2019-10-20 23:13:51', 2147520030, 0),
(439, 6, '2019-10-20 23:27:15', 2147520030, 0),
(440, 42, '2019-10-20 23:46:11', 2147520030, 0),
(441, 31, '2019-10-21 03:32:42', 2147520030, 0),
(442, 5, '2019-10-21 03:38:50', 2147520030, 0),
(443, 74, '2019-10-21 06:45:11', 2147520030, 0),
(444, 6, '2019-10-21 06:58:29', 2147520030, 0),
(445, 38, '2019-10-21 09:00:30', 2147520030, 0),
(446, 71, '2019-10-21 21:21:25', 2147520030, 0),
(447, 26, '2019-10-22 00:57:54', 2147520030, 0),
(448, 26, '2019-10-22 01:07:05', 2147520030, 0),
(449, 26, '2019-10-22 01:16:46', 2147520030, 0),
(450, 66, '2019-10-22 18:56:16', 2147520030, 0),
(451, 26, '2019-10-22 19:31:14', 2147520030, 0),
(452, 26, '2019-10-22 19:59:35', 2147520030, 0),
(453, 6, '2019-10-23 02:38:13', 2147520030, 0),
(454, 26, '2019-10-23 03:21:18', 2147520030, 0),
(455, 6, '2019-10-23 15:42:12', 2147520030, 0),
(456, 31, '2019-10-23 15:55:28', 2147520030, 0),
(457, 74, '2019-10-23 15:55:57', 2147520030, 0),
(458, 53, '2019-10-23 16:20:25', 2147520030, 0),
(459, 6, '2019-10-23 16:35:41', 2147520030, 0),
(460, 53, '2019-10-23 17:40:00', 2147520030, 0),
(461, 66, '2019-10-23 17:41:21', 2147520030, 0),
(462, 66, '2019-10-23 17:53:36', 2147520030, 0),
(463, 6, '2019-10-23 21:19:20', 2147520030, 0),
(464, 26, '2019-10-23 21:24:25', 2147520030, 0),
(465, 26, '2019-10-23 21:58:20', 2147520030, 0),
(466, 66, '2019-10-23 22:11:37', 2147520030, 0),
(467, 52, '2019-10-23 23:27:41', 2147520030, 0),
(468, 45, '2019-10-24 05:05:23', 2147520030, 0),
(469, 46, '2019-10-24 05:56:31', 2147520030, 0),
(470, 12, '2019-10-24 06:29:22', 2147520030, 0),
(471, 53, '2019-10-24 14:29:03', 2147520030, 0),
(472, 6, '2019-10-24 20:09:50', 2147520030, 0),
(473, 13, '2019-10-25 00:34:04', 2147520030, 0),
(474, 71, '2019-10-25 03:24:15', 3104978263, 0),
(475, 26, '2019-10-25 03:48:03', 3104978263, 0),
(476, 71, '2019-10-25 03:54:54', 3104978263, 0),
(477, 42, '2019-10-25 19:18:38', 2147520030, 0),
(478, 14, '2019-10-25 21:22:33', 2147520030, 0),
(479, 56, '2019-10-25 21:41:09', 2147520030, 0),
(480, 56, '2019-10-25 21:41:30', 2147520030, 0),
(481, 55, '2019-10-25 21:43:51', 2147520030, 0),
(482, 55, '2019-10-25 21:48:22', 2147520030, 0),
(483, 56, '2019-10-25 21:48:31', 2147520030, 0),
(484, 40, '2019-10-26 04:22:17', 2147520030, 0),
(485, 6, '2019-10-26 04:32:52', 2147520030, 0),
(486, 24, '2019-10-26 05:23:34', 2147520030, 0),
(487, 6, '2019-10-26 18:56:59', 2147520030, 0),
(488, 54, '2019-10-26 20:44:55', 2147520030, 0),
(489, 5, '2019-10-27 00:21:35', 2147520030, 0),
(490, 71, '2019-10-27 09:05:14', 2147520030, 0),
(491, 44, '2019-10-27 09:36:31', 2147520030, 0),
(492, 56, '2019-10-27 09:38:07', 2147520030, 0),
(493, 56, '2019-10-27 09:59:52', 2147520030, 0),
(494, 14, '2019-10-27 10:23:16', 2147520030, 0),
(495, 15, '2019-10-27 13:47:51', 2147520030, 0),
(496, 40, '2019-10-27 13:53:38', 2147520030, 0),
(497, 6, '2019-10-27 13:57:29', 2147520030, 0),
(498, 16, '2019-10-27 14:09:59', 2147520030, 0),
(499, 40, '2019-10-27 14:11:26', 2147520030, 0),
(500, 6, '2019-10-27 15:41:23', 2147520030, 0),
(501, 12, '2019-10-27 16:33:23', 2147520030, 0),
(502, 60, '2019-10-27 16:34:05', 2147520030, 0),
(503, 66, '2019-10-27 16:34:49', 2147520030, 0),
(504, 71, '2019-10-27 16:53:54', 2147520030, 0),
(505, 71, '2019-10-27 17:17:01', 2147520030, 0),
(506, 71, '2019-10-27 17:22:41', 2147520030, 0),
(507, 56, '2019-10-27 17:23:56', 2147520030, 0),
(508, 74, '2019-10-27 19:28:10', 2147520030, 0),
(509, 56, '2019-10-27 19:56:35', 2147520030, 0),
(510, 55, '2019-10-27 19:57:18', 2147520030, 0),
(511, 70, '2019-10-27 20:05:51', 2147520030, 0),
(512, 56, '2019-10-27 20:08:57', 2147520030, 0),
(513, 55, '2019-10-27 20:16:29', 2147520030, 0),
(514, 40, '2019-10-27 20:35:10', 2147520030, 0),
(515, 19, '2019-10-27 21:54:41', 2147520030, 0),
(516, 71, '2019-10-27 23:23:11', 2147520030, 0),
(517, 12, '2019-10-27 23:53:48', 2147520030, 0),
(518, 72, '2019-10-28 00:47:04', 2147520030, 0),
(519, 69, '2019-10-28 00:47:17', 2147520030, 0),
(520, 23, '2019-10-28 01:37:01', 2147520030, 0),
(521, 12, '2019-10-28 15:59:00', 2147520030, 0),
(522, 40, '2019-10-28 16:01:02', 2147520030, 0),
(523, 75, '2019-10-28 17:46:05', 2147520030, 0),
(524, 19, '2019-10-28 17:53:09', 2147520030, 0),
(525, 35, '2019-10-28 17:53:24', 2147520030, 0),
(526, 76, '2019-10-28 18:00:47', 2147520030, 0),
(527, 40, '2019-10-28 18:19:17', 2147520030, 0),
(528, 56, '2019-10-28 18:27:27', 2147520030, 0),
(529, 56, '2019-10-28 18:43:43', 2147520030, 0),
(530, 55, '2019-10-28 18:44:47', 2147520030, 0),
(531, 54, '2019-10-28 19:00:11', 2147520030, 0),
(532, 50, '2019-10-28 19:10:50', 2147520030, 0),
(533, 40, '2019-10-28 19:11:12', 2147520030, 0),
(534, 56, '2019-10-28 19:13:38', 2147520030, 0),
(535, 55, '2019-10-28 19:15:00', 2147520030, 0),
(536, 14, '2019-10-28 19:22:00', 2147520030, 0),
(537, 33, '2019-10-28 22:11:41', 2147520030, 0),
(538, 43, '2019-10-28 22:13:08', 2147520030, 0),
(539, 26, '2019-10-28 22:15:47', 2147520030, 0),
(540, 33, '2019-10-29 00:37:56', 2147520030, 0),
(541, 76, '2019-10-29 15:29:36', 2147520030, 0),
(542, 54, '2019-10-29 18:05:24', 2147520030, 0),
(543, 40, '2019-10-29 19:14:24', 2147520030, 0),
(544, 56, '2019-10-29 19:23:14', 2147520030, 0),
(545, 55, '2019-10-29 19:23:41', 2147520030, 0),
(546, 12, '2019-10-29 20:03:55', 2147520030, 0),
(547, 55, '2019-10-29 20:04:44', 2147520030, 0),
(548, 56, '2019-10-29 20:07:19', 2147520030, 0),
(549, 56, '2019-10-29 20:08:33', 2147520030, 0),
(550, 14, '2019-10-29 20:26:07', 2147520030, 0),
(551, 40, '2019-10-29 20:56:50', 2147520030, 0),
(552, 71, '2019-10-29 21:30:36', 2147520030, 0),
(553, 33, '2019-10-30 01:17:08', 2147520030, 0),
(554, 76, '2019-10-30 01:57:19', 2147520030, 0),
(555, 6, '2019-10-30 02:06:56', 2147520030, 0),
(556, 74, '2019-10-30 02:10:01', 2147520030, 0),
(557, 55, '2019-10-30 02:46:25', 2147520030, 0),
(558, 75, '2019-10-30 02:47:20', 2147520030, 0),
(559, 80, '2019-10-30 03:01:29', 2147520030, 0),
(560, 56, '2019-10-30 03:01:41', 2147520030, 0),
(561, 55, '2019-10-30 03:02:52', 2147520030, 0),
(562, 56, '2019-10-30 03:03:11', 2147520030, 0),
(563, 55, '2019-10-30 03:03:17', 2147520030, 0),
(564, 56, '2019-10-30 03:04:54', 2147520030, 0),
(565, 55, '2019-10-30 03:06:50', 2147520030, 0),
(566, 55, '2019-10-30 03:14:37', 2147520030, 0),
(567, 56, '2019-10-30 03:14:39', 2147520030, 0),
(568, 55, '2019-10-30 03:26:26', 2147520030, 0),
(569, 56, '2019-10-30 03:26:36', 2147520030, 0),
(570, 78, '2019-10-30 04:47:39', 2147520030, 0),
(571, 76, '2019-10-30 05:05:33', 2147520030, 0),
(572, 76, '2019-10-30 05:13:54', 2147520030, 0),
(573, 12, '2019-10-30 05:15:21', 2147520030, 0),
(574, 55, '2019-10-30 06:46:23', 2147520030, 0),
(575, 55, '2019-10-30 06:46:30', 2147520030, 0),
(576, 55, '2019-10-30 06:46:37', 2147520030, 0),
(577, 56, '2019-10-30 06:46:46', 2147520030, 0),
(578, 55, '2019-10-30 06:46:51', 2147520030, 0),
(579, 56, '2019-10-30 06:51:47', 2147520030, 0),
(580, 55, '2019-10-30 15:14:02', 2147520030, 0),
(581, 56, '2019-10-30 15:42:35', 2147520030, 0),
(582, 33, '2019-10-30 17:11:25', 2147520030, 0),
(583, 74, '2019-10-30 17:13:35', 2147520030, 0),
(584, 40, '2019-10-30 17:34:30', 2147520030, 0),
(585, 35, '2019-10-30 17:55:53', 2147520030, 0),
(586, 11, '2019-10-30 18:39:08', 2147520030, 0),
(587, 12, '2019-10-30 18:48:38', 2147520030, 0),
(588, 6, '2019-10-30 20:47:44', 2147520030, 0),
(589, 50, '2019-10-30 21:58:33', 2147520030, 0),
(590, 71, '2019-10-30 21:58:39', 2147520030, 0),
(591, 74, '2019-10-31 00:25:35', 2147520030, 0),
(592, 24, '2019-10-31 01:24:18', 2147520030, 0),
(593, 80, '2019-10-31 01:29:24', 2147520030, 0),
(594, 71, '2019-10-31 04:22:25', 2147520030, 0),
(595, 74, '2019-10-31 05:43:53', 2147520030, 0),
(596, 6, '2019-10-31 05:45:21', 2147520030, 0),
(597, 6, '2019-10-31 06:23:15', 2147520030, 0),
(598, 71, '2019-10-31 07:04:47', 2147520030, 0),
(599, 12, '2019-10-31 07:32:32', 2147520030, 0),
(600, 6, '2019-10-31 08:01:22', 2147520030, 0),
(601, 6, '2019-10-31 08:01:29', 2147520030, 0),
(602, 33, '2019-10-31 09:08:38', 2147520030, 0),
(603, 24, '2019-10-31 16:05:37', 2147520030, 0),
(604, 71, '2019-10-31 16:07:12', 2147520030, 0),
(605, 24, '2019-10-31 16:18:57', 2147520030, 0),
(606, 56, '2019-10-31 16:39:23', 2147520030, 0),
(607, 55, '2019-10-31 16:39:28', 2147520030, 0),
(608, 15, '2019-10-31 19:19:34', 2147520030, 0),
(609, 15, '2019-10-31 19:22:59', 2147520030, 0),
(610, 71, '2019-10-31 20:24:20', 2147520030, 0),
(611, 78, '2019-10-31 20:39:17', 2147520030, 0),
(612, 55, '2019-10-31 20:43:00', 2147520030, 0),
(613, 40, '2019-10-31 20:46:01', 2147520030, 0),
(614, 55, '2019-10-31 20:46:55', 2147520030, 0),
(615, 56, '2019-10-31 20:48:36', 2147520030, 0),
(616, 78, '2019-10-31 21:07:50', 2147520030, 0),
(617, 42, '2019-10-31 21:44:30', 2147520030, 0),
(618, 71, '2019-11-01 00:10:44', 2147520030, 0),
(619, 71, '2019-11-01 00:14:25', 2147520030, 0),
(620, 71, '2019-11-01 03:06:56', 2147520030, 0),
(621, 24, '2019-11-01 17:03:14', 2147520030, 0),
(622, 71, '2019-11-01 17:24:36', 2147520030, 0),
(623, 33, '2019-11-01 17:29:37', 2147520030, 0),
(624, 31, '2019-11-01 17:50:48', 2147520030, 0),
(625, 6, '2019-11-01 17:57:11', 2147520030, 0),
(626, 26, '2019-11-01 21:18:07', 2147520030, 0),
(627, 12, '2019-11-01 22:21:24', 2147520030, 0),
(628, 6, '2019-11-01 22:23:49', 2147520030, 0),
(629, 40, '2019-11-01 22:27:00', 2147520030, 0),
(630, 25, '2019-11-01 22:32:38', 2147520030, 0),
(631, 71, '2019-11-01 22:52:52', 2147520030, 0),
(632, 54, '2019-11-01 23:38:02', 2147520030, 0),
(633, 54, '2019-11-02 15:46:34', 2147520030, 0),
(634, 16, '2019-11-02 17:49:29', 2147520030, 0),
(635, 6, '2019-11-03 00:17:52', 2147520030, 0),
(636, 55, '2019-11-03 01:33:48', 2147520030, 0),
(637, 55, '2019-11-03 01:46:48', 2147520030, 0),
(638, 40, '2019-11-03 01:55:55', 2147520030, 0),
(639, 56, '2019-11-03 02:13:58', 2147520030, 0),
(640, 80, '2019-11-03 02:20:00', 2147520030, 0),
(641, 6, '2019-11-03 15:51:02', 2147520030, 0),
(642, 66, '2019-11-03 16:07:15', 2147520030, 0),
(643, 6, '2019-11-03 16:22:24', 2147520030, 0),
(644, 66, '2019-11-03 16:22:50', 2147520030, 0),
(645, 66, '2019-11-03 16:23:01', 2147520030, 0),
(646, 54, '2019-11-03 20:28:14', 2147520030, 0),
(647, 54, '2019-11-03 20:31:11', 2147520030, 0),
(648, 55, '2019-11-05 07:54:18', 2147520030, 0),
(649, 56, '2019-11-05 07:55:19', 2147520030, 0),
(650, 14, '2019-11-05 07:56:14', 2147520030, 0),
(651, 44, '2019-11-05 07:58:34', 2147520030, 0),
(652, 45, '2019-11-05 10:02:45', 2147520030, 0),
(653, 56, '2019-11-05 14:24:22', 2147520030, 0),
(654, 56, '2019-11-05 14:25:00', 2147520030, 0),
(655, 56, '2019-11-05 16:53:35', 2147520030, 0),
(656, 40, '2019-11-05 17:03:05', 2147520030, 0),
(657, 70, '2019-11-05 17:12:24', 2147520030, 0),
(658, 14, '2019-11-05 18:32:33', 2147520030, 0),
(659, 71, '2019-11-05 18:54:28', 2147520030, 0),
(660, 56, '2019-11-05 18:57:27', 2147520030, 0),
(661, 6, '2019-11-05 19:25:30', 2147520030, 0),
(662, 70, '2019-11-05 19:25:52', 2147520030, 0),
(663, 33, '2019-11-05 19:26:36', 2147520030, 0),
(664, 6, '2019-11-05 20:19:02', 2147520030, 0),
(665, 21, '2019-11-05 20:52:07', 2147520030, 0),
(666, 56, '2019-11-06 03:19:00', 2147520030, 0),
(667, 56, '2019-11-06 03:51:25', 2147520030, 0),
(668, 44, '2019-11-06 08:54:07', 2147520030, 0),
(669, 44, '2019-11-06 08:59:47', 2147520030, 0),
(670, 74, '2019-11-06 19:22:28', 2147520030, 0),
(671, 31, '2019-11-06 19:24:34', 2147520030, 0),
(672, 56, '2019-11-06 20:33:05', 2147520030, 0),
(673, 6, '2019-11-06 21:08:38', 2147520030, 0),
(674, 78, '2019-11-06 22:24:52', 2147520030, 0),
(675, 78, '2019-11-06 22:42:12', 2147520030, 0),
(676, 40, '2019-11-06 23:16:34', 2147520030, 0),
(677, 33, '2019-11-06 23:27:43', 2147520030, 0),
(678, 14, '2019-11-06 23:29:06', 2147520030, 0),
(679, 40, '2019-11-07 00:33:52', 2147520030, 0),
(680, 78, '2019-11-07 01:44:49', 2147520030, 0),
(681, 12, '2019-11-07 03:53:01', 2147520030, 0),
(682, 43, '2019-11-07 05:20:06', 2147520030, 0),
(683, 33, '2019-11-07 06:07:10', 2147520030, 0),
(684, 6, '2019-11-07 07:45:34', 2147520030, 0),
(685, 40, '2019-11-07 07:47:15', 2147520030, 0),
(686, 44, '2019-11-07 09:37:41', 2147520030, 0),
(687, 56, '2019-11-07 10:20:59', 2147520030, 0),
(688, 19, '2019-11-07 10:52:31', 2147520030, 0),
(689, 9, '2019-11-07 11:22:49', 2147520030, 0),
(690, 15, '2019-11-07 11:23:41', 2147520030, 0),
(691, 78, '2019-11-07 13:37:41', 2147520030, 0),
(692, 78, '2019-11-07 14:01:38', 2147520030, 0),
(693, 6, '2019-11-07 14:24:29', 2147520030, 0),
(694, 78, '2019-11-07 14:44:42', 2147520030, 0),
(695, 40, '2019-11-07 20:39:43', 2147520030, 0),
(696, 74, '2019-11-07 20:41:05', 2147520030, 0),
(697, 71, '2019-11-07 21:55:07', 2147520030, 0),
(698, 33, '2019-11-07 22:01:58', 2147520030, 0),
(699, 71, '2019-11-07 22:28:25', 2147520030, 0),
(700, 40, '2019-11-07 22:54:25', 2147520030, 0),
(701, 71, '2019-11-08 00:47:01', 2147520030, 0),
(702, 44, '2019-11-08 08:41:16', 2147520030, 0),
(703, 50, '2019-11-08 09:08:45', 2147520030, 0),
(704, 40, '2019-11-08 09:13:45', 2147520030, 0),
(705, 78, '2019-11-08 09:23:10', 2147520030, 0),
(706, 40, '2019-11-08 09:24:43', 2147520030, 0),
(707, 11, '2019-11-08 10:17:24', 2147520030, 0),
(708, 6, '2019-11-08 10:39:15', 2147520030, 0),
(709, 11, '2019-11-08 11:05:41', 2147520030, 0),
(710, 44, '2019-11-08 12:11:38', 866024664, 0),
(711, 19, '2019-11-08 12:29:00', 2147520030, 0),
(712, 80, '2019-11-08 12:29:47', 2147520030, 0),
(713, 40, '2019-11-08 12:36:52', 2147520030, 0),
(714, 44, '2019-11-08 13:18:55', 866024664, 0),
(715, 6, '2019-11-08 13:19:44', 866024664, 0),
(716, 80, '2019-11-08 13:20:00', 866024664, 0),
(717, 40, '2019-11-08 13:23:49', 866024664, 0),
(718, 80, '2019-11-08 13:46:56', 866024664, 0),
(719, 54, '2019-11-08 13:47:45', 866024664, 0),
(720, 6, '2019-11-08 14:20:09', 866024664, 0),
(721, 65, '2019-11-08 19:34:47', 866024664, 0),
(722, 12, '2019-11-08 21:14:22', 866024664, 0),
(723, 13, '2019-11-08 21:32:30', 866024664, 0),
(724, 7, '2019-11-08 21:34:01', 866024664, 0),
(725, 71, '2019-11-09 03:10:28', 866024664, 0),
(726, 33, '2019-11-09 03:10:35', 866024664, 0),
(727, 72, '2019-11-09 03:17:12', 866024664, 0),
(728, 71, '2019-11-09 03:38:44', 866024664, 0),
(729, 61, '2019-11-09 04:03:49', 866024664, 0),
(730, 72, '2019-11-09 04:41:01', 866024664, 0),
(731, 40, '2019-11-09 04:45:03', 866024664, 0),
(732, 72, '2019-11-09 04:52:08', 866024664, 0),
(733, 71, '2019-11-09 04:59:10', 866024664, 0),
(734, 14, '2019-11-09 05:10:24', 866024664, 0),
(735, 72, '2019-11-09 05:32:53', 866024664, 0),
(736, 49, '2019-11-09 06:23:44', 2147520030, 0),
(737, 75, '2019-11-09 06:52:58', 2147520030, 0),
(738, 61, '2019-11-09 06:54:44', 2147520030, 0),
(739, 61, '2019-11-09 06:56:29', 2147520030, 0),
(740, 61, '2019-11-09 06:58:43', 2147520030, 0),
(741, 40, '2019-11-09 07:01:52', 2147520030, 0),
(742, 56, '2019-11-09 08:52:03', 2147520030, 0),
(743, 71, '2019-11-09 09:59:43', 2147520030, 0),
(744, 56, '2019-11-09 10:05:49', 2147520030, 0),
(745, 71, '2019-11-09 10:08:48', 2147520030, 0),
(746, 66, '2019-11-09 15:38:14', 2147520030, 0),
(747, 33, '2019-11-09 15:47:53', 2147520030, 0),
(748, 12, '2019-11-09 16:07:37', 2147520030, 0),
(749, 66, '2019-11-09 16:10:37', 2147520030, 0),
(750, 64, '2019-11-09 16:34:25', 2147520030, 0),
(751, 63, '2019-11-09 16:44:28', 2147520030, 0),
(752, 44, '2019-11-10 00:18:01', 2147520030, 0),
(753, 71, '2019-11-10 00:26:08', 2147520030, 0),
(754, 66, '2019-11-10 00:56:28', 2147520030, 0),
(755, 78, '2019-11-10 01:14:20', 2147520030, 0),
(756, 77, '2019-11-10 02:05:30', 2147520030, 0),
(757, 12, '2019-11-10 02:07:05', 2147520030, 0),
(758, 15, '2019-11-10 02:33:08', 2147520030, 0),
(759, 14, '2019-11-10 02:39:38', 2147520030, 0),
(760, 71, '2019-11-10 08:26:40', 2147520030, 0),
(761, 71, '2019-11-10 08:29:36', 2147520030, 0),
(762, 72, '2019-11-10 10:10:18', 2147520030, 0),
(763, 40, '2019-11-10 10:41:43', 2147520030, 0),
(764, 76, '2019-11-10 10:42:14', 2147520030, 0),
(765, 40, '2019-11-10 12:16:28', 2147520030, 0),
(766, 74, '2019-11-10 13:38:09', 2147520030, 0),
(767, 70, '2019-11-10 18:35:02', 2147520030, 0),
(768, 78, '2019-11-10 18:35:07', 2147520030, 0),
(769, 71, '2019-11-10 18:35:16', 2147520030, 0),
(770, 12, '2019-11-10 19:09:09', 2147520030, 0),
(771, 71, '2019-11-11 03:21:31', 2147520030, 0),
(772, 49, '2019-11-11 03:32:19', 2147520030, 0),
(773, 49, '2019-11-11 03:37:15', 2147520030, 0),
(774, 33, '2019-11-11 03:48:54', 2147520030, 0),
(775, 15, '2019-11-11 03:52:18', 2147520030, 0),
(776, 13, '2019-11-11 03:53:38', 2147520030, 0),
(777, 44, '2019-11-11 05:47:08', 2147520030, 0),
(778, 15, '2019-11-11 06:15:22', 2147520030, 0),
(779, 14, '2019-11-11 06:19:50', 2147520030, 0),
(780, 60, '2019-11-11 06:21:39', 2147520030, 0),
(781, 66, '2019-11-11 06:21:48', 2147520030, 0),
(782, 72, '2019-11-11 07:19:34', 2147520030, 0),
(783, 50, '2019-11-11 10:01:31', 2147520030, 0),
(784, 50, '2019-11-11 10:03:44', 2147520030, 0),
(785, 76, '2019-11-11 10:12:09', 2147520030, 0),
(786, 14, '2019-11-11 12:02:54', 2147520030, 0),
(787, 41, '2019-11-11 12:05:57', 2147520030, 0),
(788, 44, '2019-11-11 13:30:25', 2147520030, 0),
(789, 56, '2019-11-11 13:35:18', 2147520030, 0),
(790, 12, '2019-11-11 19:50:10', 2147520030, 0),
(791, 50, '2019-11-11 19:50:41', 2147520030, 0),
(792, 76, '2019-11-11 20:32:08', 2147520030, 0),
(793, 12, '2019-11-11 20:58:47', 2147520030, 0),
(794, 80, '2019-11-11 21:04:51', 2147520030, 0),
(795, 24, '2019-11-11 21:23:43', 2147520030, 0),
(796, 16, '2019-11-11 21:28:37', 2147520030, 0),
(797, 33, '2019-11-11 21:50:15', 2147520030, 0),
(798, 15, '2019-11-11 21:50:54', 2147520030, 0),
(799, 64, '2019-11-11 21:51:49', 2147520030, 0),
(800, 64, '2019-11-12 04:24:52', 2147520030, 0),
(801, 12, '2019-11-12 04:25:06', 2147520030, 0),
(802, 19, '2019-11-12 04:34:08', 2147520030, 0),
(803, 76, '2019-11-12 04:35:19', 2147520030, 0),
(804, 24, '2019-11-12 05:57:21', 2147520030, 0),
(805, 42, '2019-11-12 05:58:09', 2147520030, 0),
(806, 54, '2019-11-12 06:00:13', 2147520030, 0),
(807, 6, '2019-11-12 06:23:03', 2147520030, 0),
(808, 33, '2019-11-12 06:26:27', 2147520030, 0),
(809, 45, '2019-11-12 10:15:23', 2147520030, 0),
(810, 12, '2019-11-12 10:37:10', 2147520030, 0),
(811, 33, '2019-11-12 20:42:01', 2147520030, 0),
(812, 42, '2019-11-12 20:42:47', 2147520030, 0),
(813, 71, '2019-11-13 04:13:40', 2147520030, 0),
(814, 49, '2019-11-13 04:29:47', 2147520030, 0),
(815, 66, '2019-11-13 04:32:34', 2147520030, 0),
(816, 52, '2019-11-13 04:33:05', 2147520030, 0),
(817, 72, '2019-11-13 05:42:23', 2147520030, 0),
(818, 71, '2019-11-13 06:28:25', 2147520030, 0),
(819, 66, '2019-11-13 06:41:14', 2147520030, 0),
(820, 72, '2019-11-13 06:49:58', 2147520030, 0),
(821, 71, '2019-11-13 06:56:45', 2147520030, 0),
(822, 54, '2019-11-13 07:15:03', 866024664, 0),
(823, 66, '2019-11-13 07:32:44', 866024664, 0),
(824, 71, '2019-11-13 07:43:55', 866024664, 0),
(825, 12, '2019-11-13 08:16:50', 866024664, 0),
(826, 71, '2019-11-13 08:42:47', 866024664, 0),
(827, 66, '2019-11-13 09:30:26', 866024664, 0),
(828, 14, '2019-11-13 12:35:34', 2147520030, 0),
(829, 56, '2019-11-13 12:36:39', 2147520030, 0),
(830, 66, '2019-11-13 13:28:00', 2147520030, 0),
(831, 66, '2019-11-13 13:30:10', 2147520030, 0),
(832, 74, '2019-11-13 13:52:10', 2147520030, 0),
(833, 41, '2019-11-13 13:57:00', 2147520030, 0),
(834, 66, '2019-11-13 13:57:52', 2147520030, 0),
(835, 74, '2019-11-13 13:58:35', 2147520030, 0),
(836, 72, '2019-11-13 15:06:57', 2147520030, 0),
(837, 72, '2019-11-13 15:08:36', 2147520030, 0),
(838, 60, '2019-11-13 20:35:13', 2147520030, 0),
(839, 72, '2019-11-13 21:08:33', 2147520030, 0),
(840, 66, '2019-11-13 21:58:11', 2147520030, 0),
(841, 45, '2019-11-13 21:59:32', 2147520030, 0),
(842, 71, '2019-11-13 23:07:41', 2147520030, 0),
(843, 54, '2019-11-14 00:37:21', 2147520030, 0),
(844, 6, '2019-11-14 00:37:31', 2147520030, 0),
(845, 71, '2019-11-14 00:38:18', 2147520030, 0),
(846, 6, '2019-11-14 00:38:24', 2147520030, 0),
(847, 6, '2019-11-14 00:39:08', 2147520030, 0),
(848, 5, '2019-11-14 00:39:23', 2147520030, 0),
(849, 54, '2019-11-14 06:30:10', 2147520030, 0),
(850, 33, '2019-11-14 16:45:12', 2147520030, 0),
(851, 40, '2019-11-14 16:45:48', 2147520030, 0),
(852, 6, '2019-11-14 17:52:13', 2147520030, 0),
(853, 6, '2019-11-14 17:57:54', 2147520030, 0),
(854, 12, '2019-11-14 17:58:41', 2147520030, 0),
(855, 6, '2019-11-14 17:59:34', 2147520030, 0),
(856, 46, '2019-11-14 18:00:18', 2147520030, 0),
(857, 6, '2019-11-14 18:03:38', 2147520030, 0),
(858, 6, '2019-11-14 18:06:05', 2147520030, 0),
(859, 6, '2019-11-14 18:06:22', 2147520030, 0),
(860, 6, '2019-11-14 18:22:04', 2147520030, 0),
(861, 6, '2019-11-14 18:24:29', 2147520030, 0),
(862, 54, '2019-11-14 18:28:35', 2147520030, 0),
(863, 78, '2019-11-14 18:49:08', 2147520030, 0),
(864, 6, '2019-11-14 19:40:49', 2147520030, 0),
(865, 6, '2019-11-14 20:20:16', 2147520030, 0),
(866, 71, '2019-11-14 20:20:34', 2147520030, 0),
(867, 71, '2019-11-14 20:37:40', 2147520030, 0),
(868, 71, '2019-11-14 20:38:40', 2147520030, 0),
(869, 6, '2019-11-14 20:38:43', 2147520030, 0),
(870, 71, '2019-11-14 21:23:10', 2147520030, 0),
(871, 72, '2019-11-15 02:45:39', 2147520030, 0),
(872, 14, '2019-11-15 04:40:12', 2147520030, 0),
(873, 40, '2019-11-15 04:43:38', 2147520030, 0),
(874, 75, '2019-11-15 04:53:17', 2147520030, 0),
(875, 72, '2019-11-15 07:33:09', 2147520030, 0),
(876, 12, '2019-11-15 07:37:36', 2147520030, 0),
(877, 15, '2019-11-15 08:05:55', 2147520030, 0),
(878, 40, '2019-11-15 08:06:26', 2147520030, 0),
(879, 16, '2019-11-15 08:07:49', 2147520030, 0),
(880, 75, '2019-11-15 08:47:03', 2147520030, 0),
(881, 14, '2019-11-15 09:02:01', 2147520030, 0),
(882, 33, '2019-11-15 09:41:21', 2147520030, 0),
(883, 78, '2019-11-15 09:48:59', 2147520030, 0),
(884, 71, '2019-11-15 22:39:36', 2147520030, 0),
(885, 40, '2019-11-16 00:14:57', 2147520030, 0),
(886, 14, '2019-11-16 08:31:38', 2147520030, 0),
(887, 18, '2019-11-16 09:08:10', 2147520030, 0),
(888, 18, '2019-11-16 09:08:20', 2147520030, 0),
(889, 19, '2019-11-16 09:09:08', 2147520030, 0),
(890, 71, '2019-11-16 09:17:41', 2147520030, 0),
(891, 75, '2019-11-16 10:42:14', 2147520030, 0),
(892, 40, '2019-11-17 00:19:48', 2147520030, 0),
(893, 56, '2019-11-17 04:01:55', 2147520030, 0),
(894, 56, '2019-11-17 04:02:57', 2147520030, 0),
(895, 49, '2019-11-17 05:18:44', 2147520030, 0),
(896, 12, '2019-11-17 05:19:24', 2147520030, 0),
(897, 40, '2019-11-17 07:33:28', 2147520030, 0),
(898, 6, '2019-11-17 07:54:11', 2147520030, 0),
(899, 33, '2019-11-17 07:54:54', 2147520030, 0),
(900, 14, '2019-11-17 08:03:39', 2147520030, 0),
(901, 56, '2019-11-17 08:10:49', 2147520030, 0),
(902, 14, '2019-11-17 09:13:19', 2147520030, 0),
(903, 66, '2019-11-17 09:21:42', 2147520030, 0),
(904, 13, '2019-11-17 09:37:30', 2147520030, 0),
(905, 14, '2019-11-17 09:50:50', 2147520030, 0),
(906, 14, '2019-11-17 17:39:37', 2147520030, 0),
(907, 6, '2019-11-17 18:39:53', 2147520030, 0),
(908, 72, '2019-11-18 04:54:36', 2147520030, 0),
(909, 6, '2019-11-18 05:29:52', 2147520030, 0),
(910, 80, '2019-11-18 10:01:13', 2147520030, 0),
(911, 54, '2019-11-18 10:07:22', 2147520030, 0),
(912, 40, '2019-11-18 10:17:04', 2147520030, 0),
(913, 76, '2019-11-18 11:51:50', 2147520030, 0),
(914, 11, '2019-11-18 13:17:19', 2147520030, 0),
(915, 80, '2019-11-18 13:46:56', 2147520030, 0),
(916, 6, '2019-11-18 14:27:48', 2147520030, 0),
(917, 33, '2019-11-18 14:29:28', 2147520030, 0),
(918, 41, '2019-11-18 14:31:59', 2147520030, 0),
(919, 6, '2019-11-18 15:03:40', 2147520030, 0),
(920, 74, '2019-11-18 15:06:03', 2147520030, 0),
(921, 40, '2019-11-18 16:58:19', 2147520030, 0),
(922, 6, '2019-11-18 23:24:38', 2147520030, 0),
(923, 33, '2019-11-18 23:29:44', 2147520030, 0),
(924, 6, '2019-11-19 05:52:52', 2147520030, 0),
(925, 80, '2019-11-19 05:53:15', 2147520030, 0),
(926, 31, '2019-11-19 06:46:54', 2147520030, 0),
(927, 12, '2019-11-19 07:15:41', 2147520030, 0),
(928, 6, '2019-11-19 07:21:15', 2147520030, 0),
(929, 74, '2019-11-19 07:21:59', 2147520030, 0),
(930, 6, '2019-11-19 07:55:45', 2147520030, 0),
(931, 74, '2019-11-19 07:55:50', 2147520030, 0),
(932, 6, '2019-11-19 08:10:52', 2147520030, 0),
(933, 49, '2019-11-19 08:37:16', 2147520030, 0),
(934, 71, '2019-11-19 09:22:01', 2147520030, 0),
(935, 65, '2019-11-19 09:47:16', 2147520030, 0),
(936, 56, '2019-11-19 10:16:59', 2147520030, 0),
(937, 12, '2019-11-19 10:24:04', 2147520030, 0),
(938, 56, '2019-11-19 10:36:12', 2147520030, 0),
(939, 56, '2019-11-19 10:37:35', 2147520030, 0),
(940, 44, '2019-11-19 10:41:39', 2147520030, 0),
(941, 14, '2019-11-19 11:09:27', 2147520030, 0),
(942, 13, '2019-11-19 11:13:26', 2147520030, 0),
(943, 64, '2019-11-19 11:27:06', 2147520030, 0),
(944, 49, '2019-11-19 12:06:27', 2147520030, 0),
(945, 72, '2019-11-19 12:15:30', 2147520030, 0),
(946, 71, '2019-11-19 12:21:41', 2147520030, 0),
(947, 64, '2019-11-19 13:08:48', 2147520030, 0),
(948, 64, '2019-11-19 13:30:44', 2147520030, 0),
(949, 74, '2019-11-19 13:57:17', 2147520030, 0),
(950, 31, '2019-11-19 13:57:38', 2147520030, 0),
(951, 64, '2019-11-19 14:02:00', 2147520030, 0),
(952, 74, '2019-11-19 14:06:54', 2147520030, 0),
(953, 6, '2019-11-19 14:10:38', 2147520030, 0),
(954, 64, '2019-11-19 16:25:17', 2147520030, 0),
(955, 77, '2019-11-19 16:26:53', 2147520030, 0),
(956, 77, '2019-11-19 17:58:52', 2147520030, 0),
(957, 13, '2019-11-20 04:30:06', 2147520030, 0),
(958, 3, '2019-11-20 04:32:06', 2147520030, 0),
(959, 6, '2019-11-20 04:43:16', 2147520030, 0),
(960, 77, '2019-11-20 04:43:35', 2147520030, 0),
(961, 71, '2019-11-20 06:30:49', 2147520030, 0),
(962, 56, '2019-11-20 07:24:11', 2147520030, 0),
(963, 77, '2019-11-20 08:08:29', 2147520030, 0),
(964, 77, '2019-11-20 08:41:01', 2147520030, 0),
(965, 12, '2019-11-20 08:44:04', 2147520030, 0),
(966, 14, '2019-11-20 08:45:50', 2147520030, 0),
(967, 66, '2019-11-20 08:50:53', 2147520030, 0),
(968, 64, '2019-11-20 08:51:23', 2147520030, 0),
(969, 80, '2019-11-20 08:56:04', 2147520030, 0),
(970, 56, '2019-11-20 10:06:03', 2147520030, 0),
(971, 41, '2019-11-20 12:51:57', 2147520030, 0),
(972, 41, '2019-11-20 13:14:54', 2147520030, 0),
(973, 12, '2019-11-20 13:16:29', 2147520030, 0),
(974, 64, '2019-11-20 13:37:55', 2147520030, 0),
(975, 66, '2019-11-20 13:38:34', 2147520030, 0),
(976, 77, '2019-11-20 14:30:12', 2147520030, 0),
(977, 31, '2019-11-20 14:42:42', 2147520030, 0),
(978, 41, '2019-11-20 14:46:59', 2147520030, 0),
(979, 24, '2019-11-20 15:00:53', 2147520030, 0),
(980, 80, '2019-11-20 15:02:24', 2147520030, 0),
(981, 33, '2019-11-20 15:06:03', 2147520030, 0),
(982, 15, '2019-11-20 15:06:44', 2147520030, 0),
(983, 39, '2019-11-20 15:26:58', 2147520030, 0),
(984, 78, '2019-11-20 16:38:02', 2147520030, 0),
(985, 80, '2019-11-21 03:36:02', 2147520030, 0),
(986, 31, '2019-11-21 03:43:34', 2147520030, 0),
(987, 31, '2019-11-21 04:57:55', 2147520030, 0),
(988, 76, '2019-11-21 05:46:25', 2147520030, 0),
(989, 12, '2019-11-21 06:55:17', 2147520030, 0),
(990, 71, '2019-11-21 07:01:16', 2147520030, 0),
(991, 31, '2019-11-21 07:12:30', 2147520030, 0),
(992, 52, '2019-11-21 08:20:22', 2147520030, 0),
(993, 54, '2019-11-21 08:32:13', 2147520030, 0),
(994, 12, '2019-11-21 08:35:09', 2147520030, 0),
(995, 9, '2019-11-21 08:35:32', 2147520030, 0),
(996, 15, '2019-11-21 08:50:18', 2147520030, 0),
(997, 33, '2019-11-21 08:59:30', 2147520030, 0),
(998, 41, '2019-11-21 10:14:05', 2147520030, 0),
(999, 12, '2019-11-21 11:30:31', 2147520030, 0),
(1000, 74, '2019-11-21 11:42:04', 2147520030, 0),
(1001, 31, '2019-11-21 11:42:10', 2147520030, 0),
(1002, 64, '2019-11-21 12:30:47', 2147520030, 0),
(1003, 31, '2019-11-21 12:31:25', 2147520030, 0),
(1004, 76, '2019-11-22 04:34:55', 2147520030, 0),
(1005, 31, '2019-11-22 04:34:57', 2147520030, 0),
(1006, 31, '2019-11-22 05:32:37', 2147520030, 0),
(1007, 44, '2019-11-22 07:07:22', 2147520030, 0),
(1008, 45, '2019-11-22 07:09:01', 2147520030, 0),
(1009, 60, '2019-11-22 07:14:09', 2147520030, 0),
(1010, 66, '2019-11-22 07:14:21', 2147520030, 0),
(1011, 39, '2019-11-22 07:20:23', 2147520030, 0),
(1012, 49, '2019-11-22 07:41:44', 2147520030, 0),
(1013, 22, '2019-11-22 08:09:56', 2147520030, 0),
(1014, 5, '2019-11-22 08:12:02', 2147520030, 0),
(1015, 12, '2019-11-22 08:13:04', 2147520030, 0),
(1016, 33, '2019-11-22 09:42:00', 2147520030, 0),
(1017, 12, '2019-11-22 09:43:02', 2147520030, 0),
(1018, 72, '2019-11-22 10:25:04', 2147520030, 0),
(1019, 76, '2019-11-22 10:45:26', 2147520030, 0),
(1020, 77, '2019-11-22 11:55:34', 2147520030, 0),
(1021, 9, '2019-11-22 11:57:12', 2147520030, 0),
(1022, 73, '2019-11-22 13:52:35', 2147520030, 0),
(1023, 76, '2019-11-22 14:13:14', 2147520030, 0),
(1024, 41, '2019-11-22 15:15:55', 2147520030, 0),
(1025, 6, '2019-11-22 15:23:08', 2147520030, 0),
(1026, 78, '2019-11-22 16:06:19', 2147520030, 0),
(1027, 76, '2019-11-22 16:20:03', 2147520030, 0),
(1028, 71, '2019-11-22 17:51:52', 2147520030, 0),
(1029, 50, '2019-11-22 18:04:30', 2147520030, 0),
(1030, 71, '2019-11-22 18:10:03', 2147520030, 0),
(1031, 40, '2019-11-22 18:24:07', 2147520030, 0),
(1032, 13, '2019-11-22 18:25:22', 2147520030, 0),
(1033, 31, '2019-11-22 18:44:16', 2147520030, 0),
(1034, 11, '2019-11-23 03:55:11', 2147520030, 0),
(1035, 71, '2019-11-23 04:17:32', 2147520030, 0),
(1036, 54, '2019-11-23 04:24:51', 2147520030, 0),
(1037, 65, '2019-11-23 04:25:08', 2147520030, 0),
(1038, 80, '2019-11-23 05:02:13', 2147520030, 0),
(1039, 71, '2019-11-23 05:02:55', 2147520030, 0),
(1040, 74, '2019-11-23 08:57:47', 2147520030, 0),
(1041, 71, '2019-11-23 12:13:37', 2147520030, 0),
(1042, 65, '2019-11-23 12:38:57', 2147520030, 0),
(1043, 33, '2019-11-23 12:58:05', 2147520030, 0),
(1044, 6, '2019-11-23 13:02:53', 2147520030, 0),
(1045, 66, '2019-11-23 15:04:53', 2147520030, 0),
(1046, 72, '2019-11-23 18:37:25', 2147520030, 0),
(1047, 54, '2019-11-23 19:25:45', 2147520030, 0),
(1048, 54, '2019-11-23 20:06:37', 2147520030, 0),
(1049, 64, '2019-11-23 22:14:57', 2147520030, 0),
(1050, 76, '2019-11-23 23:40:59', 2147520030, 0),
(1051, 76, '2019-11-23 23:51:46', 2147520030, 0),
(1052, 12, '2019-11-23 23:57:13', 2147520030, 0),
(1053, 15, '2019-11-23 23:57:46', 2147520030, 0),
(1054, 15, '2019-11-24 00:03:05', 2147520030, 0),
(1055, 6, '2019-11-24 00:06:24', 2147520030, 0),
(1056, 71, '2019-11-24 00:29:13', 2147520030, 0),
(1057, 40, '2019-11-24 07:40:30', 2147520030, 0),
(1058, 66, '2019-11-24 14:19:10', 2147520030, 0),
(1059, 6, '2019-11-24 14:50:13', 2147520030, 0),
(1060, 74, '2019-11-24 15:23:48', 2147520030, 0),
(1061, 6, '2019-11-24 16:36:42', 2147520030, 0),
(1062, 7, '2019-11-24 16:52:46', 2147520030, 0),
(1063, 7, '2019-11-24 17:32:32', 2147520030, 0),
(1064, 6, '2019-11-24 17:33:02', 2147520030, 0),
(1065, 25, '2019-11-24 17:38:10', 2147520030, 0),
(1066, 12, '2019-11-24 17:42:41', 2147520030, 0),
(1067, 6, '2019-11-25 11:33:12', 2147520030, 0),
(1068, 77, '2019-11-25 11:36:19', 2147520030, 0),
(1069, 14, '2019-11-25 12:06:38', 2147520030, 0),
(1070, 44, '2019-11-25 12:26:40', 2147520030, 0),
(1071, 41, '2019-11-25 14:05:41', 2147520030, 0);
INSERT INTO `link_view` (`id`, `link_id`, `date_time`, `ip4`, `is_guest`) VALUES
(1072, 84, '2019-11-25 14:08:14', 2147520030, 0),
(1073, 81, '2019-11-25 14:08:17', 2147520030, 0),
(1074, 85, '2019-11-25 14:08:20', 2147520030, 0),
(1075, 44, '2019-11-25 14:12:46', 2147520030, 0),
(1076, 44, '2019-11-25 14:16:12', 2147520030, 0),
(1077, 85, '2019-11-25 14:32:11', 2147520030, 0),
(1078, 83, '2019-11-25 14:35:29', 2147520030, 0),
(1079, 82, '2019-11-25 14:35:42', 2147520030, 0),
(1080, 85, '2019-11-25 15:09:32', 2147520030, 0),
(1081, 84, '2019-11-25 15:10:10', 2147520030, 0),
(1082, 82, '2019-11-25 15:10:12', 2147520030, 0),
(1083, 83, '2019-11-25 15:10:17', 2147520030, 0),
(1084, 83, '2019-11-25 15:10:32', 2147520030, 0),
(1085, 24, '2019-11-25 15:12:21', 2147520030, 0),
(1086, 54, '2019-11-25 15:13:34', 2147520030, 0),
(1087, 82, '2019-11-25 15:23:25', 2147520030, 0),
(1088, 86, '2019-11-25 15:25:41', 2147520030, 0),
(1089, 86, '2019-11-25 15:44:56', 2147520030, 0),
(1090, 86, '2019-11-25 15:46:28', 2147520030, 0),
(1091, 86, '2019-11-25 15:47:40', 2147520030, 0),
(1092, 85, '2019-11-25 15:58:50', 2147520030, 0),
(1093, 81, '2019-11-25 15:58:53', 2147520030, 0),
(1094, 81, '2019-11-25 15:59:28', 2147520030, 0),
(1095, 85, '2019-11-25 18:49:21', 2147520030, 0),
(1096, 44, '2019-11-25 18:49:56', 2147520030, 0),
(1097, 14, '2019-11-25 18:53:08', 2147520030, 0),
(1098, 11, '2019-11-25 18:53:17', 2147520030, 0),
(1099, 85, '2019-11-25 19:30:03', 2147520030, 0),
(1100, 81, '2019-11-25 19:30:07', 2147520030, 0),
(1101, 85, '2019-11-25 19:54:05', 2147520030, 0),
(1102, 81, '2019-11-25 19:54:09', 2147520030, 0),
(1103, 56, '2019-11-25 19:54:34', 2147520030, 0),
(1104, 81, '2019-11-25 19:55:31', 2147520030, 0),
(1105, 85, '2019-11-25 19:55:34', 2147520030, 0),
(1106, 83, '2019-11-25 19:55:40', 2147520030, 0),
(1107, 42, '2019-11-25 19:56:37', 2147520030, 0),
(1108, 86, '2019-11-25 20:08:58', 2147520030, 0),
(1109, 81, '2019-11-25 20:09:56', 2147520030, 0),
(1110, 14, '2019-11-25 20:13:10', 2147520030, 0),
(1111, 56, '2019-11-25 20:18:11', 2147520030, 0),
(1112, 40, '2019-11-25 20:26:18', 2147520030, 0),
(1113, 14, '2019-11-25 20:43:00', 2147520030, 0),
(1114, 83, '2019-11-25 20:44:54', 2147520030, 0),
(1115, 85, '2019-11-25 20:45:51', 2147520030, 0),
(1116, 78, '2019-11-25 20:47:12', 2147520030, 0),
(1117, 86, '2019-11-25 20:58:34', 2147520030, 0),
(1118, 86, '2019-11-25 21:12:36', 2147520030, 0),
(1119, 86, '2019-11-25 21:16:00', 2147520030, 0),
(1120, 14, '2019-11-25 21:46:10', 2147520030, 0),
(1121, 40, '2019-11-25 21:52:50', 2147520030, 0),
(1122, 86, '2019-11-25 22:01:37', 2147520030, 0);

-- --------------------------------------------------------

--
-- Структура таблицы `user`
--

CREATE TABLE `user` (
  `id` int(11) NOT NULL,
  `username` varchar(255) COLLATE utf8_unicode_ci NOT NULL,
  `auth_key` varchar(32) COLLATE utf8_unicode_ci NOT NULL,
  `password_hash` varchar(255) COLLATE utf8_unicode_ci NOT NULL,
  `password_reset_token` varchar(255) COLLATE utf8_unicode_ci DEFAULT NULL,
  `email` varchar(255) COLLATE utf8_unicode_ci NOT NULL,
  `status` smallint(6) NOT NULL DEFAULT 10,
  `created_at` int(11) NOT NULL,
  `updated_at` int(11) NOT NULL,
  `verification_token` varchar(255) COLLATE utf8_unicode_ci DEFAULT NULL
) ENGINE=InnoDB DEFAULT CHARSET=utf8 COLLATE=utf8_unicode_ci;

--
-- Дамп данных таблицы `user`
--

INSERT INTO `user` (`id`, `username`, `auth_key`, `password_hash`, `password_reset_token`, `email`, `status`, `created_at`, `updated_at`, `verification_token`) VALUES
(1, 'root', 'HlAZNwx5DVdwyIy1zDpCCcEbbiD0gj-U', '$2y$13$NgT0FRDtAQA91cKiYagmOeePtIgNQE7tHLE4kQoXf6DJxqQFbswIO', NULL, 'after@ya.ru', 10, 1573863764, 1573863764, NULL);

--
-- Индексы сохранённых таблиц
--

--
-- Индексы таблицы `bank_card`
--
ALTER TABLE `bank_card`
  ADD PRIMARY KEY (`id`);

--
-- Индексы таблицы `link`
--
ALTER TABLE `link`
  ADD PRIMARY KEY (`id`),
  ADD KEY `FK_link_block_id` (block_id) USING BTREE;

--
-- Индексы таблицы `link_block`
--
ALTER TABLE `link_block`
  ADD PRIMARY KEY (`id`);

--
-- Индексы таблицы `link_view`
--
ALTER TABLE `link_view`
  ADD PRIMARY KEY (`id`),
  ADD KEY `FK2` (`link_id`);

--
-- Индексы таблицы `user`
--
ALTER TABLE `user`
  ADD PRIMARY KEY (`id`),
  ADD UNIQUE KEY `username` (`username`),
  ADD UNIQUE KEY `email` (`email`),
  ADD UNIQUE KEY `password_reset_token` (`password_reset_token`);

--
-- AUTO_INCREMENT для сохранённых таблиц
--

--
-- AUTO_INCREMENT для таблицы `bank_card`
--
ALTER TABLE `bank_card`
  MODIFY `id` tinyint(4) NOT NULL AUTO_INCREMENT COMMENT '№', AUTO_INCREMENT=4;

--
-- AUTO_INCREMENT для таблицы `link`
--
ALTER TABLE `link`
  MODIFY `id` int(10) UNSIGNED NOT NULL AUTO_INCREMENT, AUTO_INCREMENT=87;

--
-- AUTO_INCREMENT для таблицы `link_block`
--
ALTER TABLE `link_block`
  MODIFY `id` int(10) UNSIGNED NOT NULL AUTO_INCREMENT, AUTO_INCREMENT=16;

--
-- AUTO_INCREMENT для таблицы `link_view`
--
ALTER TABLE `link_view`
  MODIFY `id` int(10) UNSIGNED NOT NULL AUTO_INCREMENT, AUTO_INCREMENT=1123;

--
-- AUTO_INCREMENT для таблицы `user`
--
ALTER TABLE `user`
  MODIFY `id` int(11) NOT NULL AUTO_INCREMENT, AUTO_INCREMENT=2;

--
-- Ограничения внешнего ключа сохраненных таблиц
--

--
-- Ограничения внешнего ключа таблицы `link`
--
ALTER TABLE `link`
  ADD CONSTRAINT `FK_link_link` FOREIGN KEY (block_id) REFERENCES `link_block` (`id`) ON DELETE SET NULL ON UPDATE CASCADE;

--
-- Ограничения внешнего ключа таблицы `link_view`
--
ALTER TABLE `link_view`
  ADD CONSTRAINT `FK2` FOREIGN KEY (`link_id`) REFERENCES `link` (`id`) ON DELETE CASCADE ON UPDATE CASCADE;
COMMIT;

/*!40101 SET CHARACTER_SET_CLIENT=@OLD_CHARACTER_SET_CLIENT */;
/*!40101 SET CHARACTER_SET_RESULTS=@OLD_CHARACTER_SET_RESULTS */;
/*!40101 SET COLLATION_CONNECTION=@OLD_COLLATION_CONNECTION */;
